hash,method_cov,stmt_cov
01381ca6ec11cb62fe8ba3cdf90f3201,NOT_COVERED,NOT_COVERED
01b9008fad0157bf9d0c0928879d7212,FULLY_COVERED,FULLY_COVERED
0270f4a4be4af5d399afe5161d41f4e7,FULLY_COVERED,FULLY_COVERED
0272a6a902bf4664707d2898ae1e4a73,NOT_COVERED,NOT_COVERED
02c4d13094cf32fc54c35f189c08f711,NOT_COVERED,NOT_COVERED
02dc52651396c64de466097fc13869cd,NOT_COVERED,NOT_COVERED
02f8061197bbc062cce66963df72b3db,NOT_COVERED,NOT_COVERED
0339a4e6389204ba07fafe02f399f5d2,NOT_COVERED,NOT_COVERED
037129d3cd2fa55c75c0aa8880ca0fe0,NOT_COVERED,EMPTY
044905b0055a33edb03492e129813bd2,NOT_COVERED,NOT_COVERED
045c1a0206442107cbac50e207b34037,NOT_COVERED,NOT_COVERED
048a1cd2105b3cc0de92bbf704675f23,PARTLY_COVERED,FULLY_COVERED
057cb161785badca3f669b9173bf100a,NOT_COVERED,NOT_COVERED
05fb74eeb9ed36ec4aee0787f857eb6e,FULLY_COVERED,FULLY_COVERED
06316a2ad422dde3058d39338d007d2d,NOT_COVERED,NOT_COVERED
0641a34f99557a19c6c13e4f379c682c,NOT_COVERED,NOT_COVERED
0762671713e6af756552750127c143a0,NOT_COVERED,NOT_COVERED
07d0c23426809a1f046e2a14e081748b,NOT_COVERED,NOT_COVERED
081beec3c426aeb2bdf13a529b53d4c0,NOT_COVERED,NOT_COVERED
085b8070b6232443a25474c6f978efa8,NOT_COVERED,NOT_COVERED
087188779cfabd36c5ffd4eb99a68fa1,NOT_COVERED,NOT_COVERED
0878e7fd10b18585d3dafb9a15288ec2,NOT_COVERED,NOT_COVERED
08feecd7e733d9cbaafeaea3a6300869,NOT_COVERED,EMPTY
097297a98ef827b83622fb28ed63bb6b,PARTLY_COVERED,FULLY_COVERED
09e632dc4c5cb6f9a3fc8467bee68e46,NOT_COVERED,NOT_COVERED
0c1828fd019a269853740aa89ff3e48a,NOT_COVERED,NOT_COVERED
0c2e328c4ead544e0e9282086a1d7a75,FULLY_COVERED,EMPTY
0d452a345311461d218f75e5f6908194,NOT_COVERED,EMPTY
0def962d8df8cec1363113b2aa80810b,NOT_COVERED,NOT_COVERED
0e20497c7ce67d88009f5bd3043cd1ce,NOT_COVERED,NOT_COVERED
0e81c064229b8df15bb2bb60a4f96c48,NOT_COVERED,NOT_COVERED
0eb2fc81c852f0dba3c3f899236d1e1c,NOT_COVERED,NOT_COVERED
0f4c7d39d9aac5d6d2ae217cfbed4ba0,FULLY_COVERED,FULLY_COVERED
0ffab358442b73694b0d4a9412ff1ecf,NOT_COVERED,NOT_COVERED
1017eee527d9f9ee4745ab058bf60c9b,NOT_COVERED,NOT_COVERED
105d5549515b89d107e2973b9423d493,NOT_COVERED,NOT_COVERED
10d28486985d3441e56c28754bc105f1,NOT_COVERED,NOT_COVERED
1147d465bdc00ccee4549f67379a8f99,PARTLY_COVERED,FULLY_COVERED
13016f7b6a105dca1c7af6118e3263bb,NOT_COVERED,NOT_COVERED
1311577aea0a17de3afe33c8f9620efd,NOT_COVERED,NOT_COVERED
1317db97f72f624c0f83a3ecd30a5c41,NOT_COVERED,NOT_COVERED
131ab33906d2f07857d4725dcc510acf,NOT_COVERED,NOT_COVERED
132a851e03f15401a894e90808ed4e7d,NOT_COVERED,EMPTY
14c806062aa9a6d1ce4098835336d593,NOT_COVERED,NOT_COVERED
15a47fcec488e9d15b7e5876c91fafd6,NOT_COVERED,EMPTY
161b18760980c88901f3b04790be01b3,NOT_COVERED,NOT_COVERED
16c067f7a16d02e0c43850d6dafeac01,NOT_COVERED,NOT_COVERED
1847ae91c6ad8b63d3af7dca5e195e4d,FULLY_COVERED,FULLY_COVERED
1911baef7b703dd981ffc0cabb9ea778,NOT_COVERED,NOT_COVERED
19659faa619dbd4b291b1a9d8e30a4af,NOT_COVERED,EMPTY
1982426e5b1442628512315fa28ecd24,NOT_COVERED,NOT_COVERED
1a4ff0902aa65ddaff13c7ec5388cd25,NOT_COVERED,NOT_COVERED
1a9991604ebe22f9110320bf1f08be53,NOT_COVERED,EMPTY
1afe46527db6e61cd97004128d0b086e,NOT_COVERED,NOT_COVERED
1b8c46e0c703df1f04b22b2d00830a7d,NOT_COVERED,NOT_COVERED
1badc3b060de7d43ee5a83db0a4447f9,NOT_COVERED,EMPTY
1c86ca26bb44df2f3f815006a060b198,NOT_COVERED,NOT_COVERED
1cd27bfa1d5050e013a693b12bb336a0,PARTLY_COVERED,FULLY_COVERED
1cebcca4b5d75ef9f114c5238cf07402,NOT_COVERED,NOT_COVERED
1cef3d1ba3169efda92b32e6485d43f1,NOT_COVERED,NOT_COVERED
1d706d1c3d31d24e2c07a41daa138908,NOT_COVERED,EMPTY
1d906015cabf820e5bcae44bc47db6d4,NOT_COVERED,NOT_COVERED
1d991980bb15c3c3d9a120ca40d8568d,NOT_COVERED,NOT_COVERED
1ec212a2e5441643891705e492cdfb80,NOT_COVERED,NOT_COVERED
1f008994e3bde9928338e3f7a9cfc374,NOT_COVERED,EMPTY
1f28ec6a6a2eb55fe9c237f5315abefd,NOT_COVERED,NOT_COVERED
1f294ca251b321c623235271f67e721d,NOT_COVERED,NOT_COVERED
1f58adce1409d4f1e1b0ab75e6bb26c5,NOT_COVERED,EMPTY
20d60f72dcf1edfd1bd811663dce93c8,NOT_COVERED,NOT_COVERED
20e0ac5ab5149489167785f9f8906644,NOT_COVERED,NOT_COVERED
2142e3896cb5d9f134f831f8813eb87e,NOT_COVERED,NOT_COVERED
21e5ba6d244bb93a10c861da8bd46c9f,NOT_COVERED,EMPTY
21ecbdcaf390d4eef6be0eaa035ba957,NOT_COVERED,NOT_COVERED
22aa226f29fee4d5e90a5cde34ad2848,NOT_COVERED,NOT_COVERED
22d8cbfa8c62791db32f0f07b028b5e5,NOT_COVERED,EMPTY
23195d71fe1cee3b3dd1fb436349c59f,NOT_COVERED,NOT_COVERED
244d9005df21f721dc1a9a375f68bf39,NOT_COVERED,NOT_COVERED
24e829312e41a0f5457ea6e9409a044f,PARTLY_COVERED,FULLY_COVERED
24f7e4854a3ec8605e41e1f29459cb76,NOT_COVERED,NOT_COVERED
24f83c9aa65a8ecda6d79100933f418f,NOT_COVERED,EMPTY
26073c4796aa18c7c617b0513a8e2fb9,NOT_COVERED,NOT_COVERED
262368edab4d9a59258d460790653514,NOT_COVERED,NOT_COVERED
2679ea6edbee241945c7d3510cbc037a,NOT_COVERED,EMPTY
26914d9072a191c3df2cca3abf5fb529,NOT_COVERED,NOT_COVERED
274ec35044d27586f53ec652b86b2f04,NOT_COVERED,EMPTY
28c6c0528178f290d11c0c0336306f7b,NOT_COVERED,NOT_COVERED
28e3c6d8ab9d4c9a98872e3ac228028b,NOT_COVERED,NOT_COVERED
28e73cbdc0278c727a6d6abfaaff0ddc,NOT_COVERED,NOT_COVERED
2960ad893fe9fd862323385de45e286d,NOT_COVERED,NOT_COVERED
29c282423182e3c685e79714a8cc585d,NOT_COVERED,NOT_COVERED
29cd8db5c7af9ab92cb0038969f1ee09,NOT_COVERED,EMPTY
2a69e9e2bf9cb75aa32975d5d03da626,NOT_COVERED,NOT_COVERED
2b3bdc081d65c4bb8300629d84b99a4a,NOT_COVERED,NOT_COVERED
2b981988eb3d24336c66464e32af7a4e,NOT_COVERED,NOT_COVERED
2c20c716eef376f31e072803aedf2ae5,PARTLY_COVERED,EMPTY
2c5491baa0ffc84088fc593a65386fdd,NOT_COVERED,NOT_COVERED
2c56801accec6a545fe919ffa7eae2df,NOT_COVERED,NOT_COVERED
2cb9ac4674cd2b4d40283f56764dab52,NOT_COVERED,NOT_COVERED
2d0af310b08e383c58b46609af574f81,NOT_COVERED,EMPTY
2d244eaf74ec0a3b3540c5cea274834f,FULLY_COVERED,FULLY_COVERED
2e4211179ccae854db6eae1a8e91d567,NOT_COVERED,EMPTY
2e9cbb386050a15f5a2bc12c4f1ae2aa,NOT_COVERED,NOT_COVERED
2f151a905a9dd09c3bd3c59b445a97fd,NOT_COVERED,NOT_COVERED
2f2d3fbd6e41803a31f7d02a8228fcb6,NOT_COVERED,NOT_COVERED
2f3411ae44f90bf41682c08f577495ed,NOT_COVERED,EMPTY
2fe43b15f13dd0ccdfd8281ffa8424dc,NOT_COVERED,EMPTY
2fe8751f06b8bc313c3d7864b4866857,NOT_COVERED,NOT_COVERED
3056c9bdc68d20b1ed2e0cab3223563e,NOT_COVERED,EMPTY
306ffddf4ce2ef88cf10a4f13d69926c,NOT_COVERED,EMPTY
31914c95f05cad8b8efee2c7ad118031,NOT_COVERED,NOT_COVERED
320a1905c092df2e73799c3d6ebd93cb,NOT_COVERED,NOT_COVERED
32d435c10c0d2d4be82cbd0418f52f56,NOT_COVERED,EMPTY
3330e37c939d2630ca32f45c0b470937,NOT_COVERED,NOT_COVERED
334fa260fb8424cb5fb9699f68de957b,NOT_COVERED,NOT_COVERED
33c61dfb5e95ba39f3ae88c8c784b54e,NOT_COVERED,NOT_COVERED
3453dfa9b8a14cac8fdea9b78a80eef2,NOT_COVERED,NOT_COVERED
3505c60300852ce584d478a06af21e40,NOT_COVERED,EMPTY
3513e047079bb46b520d52f262fddd47,NOT_COVERED,NOT_COVERED
35bee30ee221daa9ce2120b2e8950d18,NOT_COVERED,EMPTY
35e4e7f6bc56b6ba985c7cc684ddeb26,NOT_COVERED,EMPTY
360d736c10302b32871460ba2ef1c442,PARTLY_COVERED,FULLY_COVERED
37326017cc53dfedc9dc264418aed012,FULLY_COVERED,FULLY_COVERED
376a96e6391f3f141a844743b0799ac5,NOT_COVERED,NOT_COVERED
37ba3682bbe11066bd0faae73ee60d57,NOT_COVERED,NOT_COVERED
3845f5b3e5518195018e4f5c0d4b8f2b,NOT_COVERED,NOT_COVERED
3a04104279de3d5422457b8fe4184a36,NOT_COVERED,NOT_COVERED
3a0891d60ec1a08ec53251fc88e5b775,NOT_COVERED,NOT_COVERED
3a771434e55b58ab18c36a7faa2b0022,NOT_COVERED,NOT_COVERED
3ad924a08584fa3a0ccd241dfb745eaa,NOT_COVERED,NOT_COVERED
3be4e09dacd32580ccef114546c46471,NOT_COVERED,NOT_COVERED
3c1bd7537c73d0b5484d9e8e2178512e,NOT_COVERED,NOT_COVERED
3c69e9a17e4e4296957a27b351197ac9,PARTLY_COVERED,EMPTY
3c71a8736d32866ef954e5ebb2aaf963,NOT_COVERED,NOT_COVERED
3c779305e64ebb76d7a6f7386f512267,NOT_COVERED,NOT_COVERED
3cc382a6fb88dc3333777aea9f77002e,NOT_COVERED,EMPTY
3d4456843e93e641232bc9f2d73f7707,NOT_COVERED,NOT_COVERED
3d764cc9f84834588e294cceb503f3a9,NOT_COVERED,NOT_COVERED
3e09609a24f46c0206932885b024ed49,NOT_COVERED,NOT_COVERED
3e38faba5d7d35a74cfe6d21a5241edf,NOT_COVERED,NOT_COVERED
3eafeb137e73a1be456064471e5c4216,NOT_COVERED,NOT_COVERED
3eb0e2d56f9f08343ed6dc055c284895,NOT_COVERED,NOT_COVERED
3ee6d7dd2c28f887038d3de6dbd872cf,NOT_COVERED,NOT_COVERED
3eeeab5f2a7885efff35c10de25115c3,NOT_COVERED,NOT_COVERED
3f6a254428a6ab9c0b14e67d24a044a8,NOT_COVERED,EMPTY
4006abb1e2d956123a32a1e140e4edc7,NOT_COVERED,NOT_COVERED
40d85f68b15f382ff4a4f3eb9f73131c,NOT_COVERED,NOT_COVERED
41df2bc6aae79baf8ac3d69e61347c2c,NOT_COVERED,NOT_COVERED
41fc2b12d4afa9d1252004ab132b6e6e,NOT_COVERED,NOT_COVERED
422b70b095544cae2b211d6e738f7cb1,FULLY_COVERED,FULLY_COVERED
4262f0863ff945f18273e5a131067601,NOT_COVERED,NOT_COVERED
433e24047771e65725f0b762ce2d95f5,NOT_COVERED,NOT_COVERED
434df9d144c8685eeb0e69185c60ac90,NOT_COVERED,NOT_COVERED
4367754eb99811c19b2edcdba00f68e2,NOT_COVERED,NOT_COVERED
4388ddf17826097049b6788fb83dc14a,NOT_COVERED,EMPTY
4408c590f236730dbd61ea58de843a37,NOT_COVERED,EMPTY
44315336dfe67b8647d931fe43c6da67,NOT_COVERED,EMPTY
446ffd30328e918cf90929c61203c15f,NOT_COVERED,EMPTY
4477f4b91c6848d98ae9f9f68fe1aefa,NOT_COVERED,NOT_COVERED
447bdfaca1d83e770fe0f4a257f1f323,NOT_COVERED,NOT_COVERED
44c67480203f577b121b17f41aa96c15,PARTLY_COVERED,NOT_COVERED
44ebb1f28aae1c4f8628f137917c2b7b,NOT_COVERED,NOT_COVERED
44ebf2812642a234f38d21a23b28709a,NOT_COVERED,NOT_COVERED
44f1a6ba4331be9ff6d0a6610e98011c,NOT_COVERED,NOT_COVERED
4502ddd5799bea84f5fc770bf59e1001,NOT_COVERED,NOT_COVERED
45260149041d47657b7c1b0a0edcebad,NOT_COVERED,EMPTY
453943885210e6c1680269b0709e1879,NOT_COVERED,NOT_COVERED
458822ed1dd45894f78f1549dff7e6d6,NOT_COVERED,NOT_COVERED
46b44745ba17445f8ad78f073156bfb3,NOT_COVERED,NOT_COVERED
4765db3d2cc8493cd49e8b83b23fef51,NOT_COVERED,NOT_COVERED
478c72d0898f113e6d6e3f757fa5f428,NOT_COVERED,NOT_COVERED
47cdd4ce3c2476b23eab013e24db54d9,NOT_COVERED,NOT_COVERED
480b104fb38c547ad0e7559ce1b82c01,NOT_COVERED,NOT_COVERED
481c17b86478e254d82f72be3cfcdc67,PARTLY_COVERED,FULLY_COVERED
48dc021c8138c581394ee8e4d0e34e01,NOT_COVERED,NOT_COVERED
4955a8d38e4cfc80e9800193decb7d11,NOT_COVERED,NOT_COVERED
4b8ba548b418255e10e463c3444bc4f4,NOT_COVERED,NOT_COVERED
4ba5389a9ca3f2e0a452da423aca250c,NOT_COVERED,NOT_COVERED
4ca13c0bf0f2ab835bb8f4662f4870be,NOT_COVERED,NOT_COVERED
4d3985cd10c26657d224df7ed3f9a3d4,NOT_COVERED,NOT_COVERED
4ebf870fdc265ca1ebe75ad9ab485178,PARTLY_COVERED,FULLY_COVERED
4ecb7bab56e8a5146c3120d06e733454,NOT_COVERED,NOT_COVERED
4f182ff8550b1db20e2d924402f07c08,NOT_COVERED,EMPTY
4f32bc2be5e554d724a1b43e93cc930d,NOT_COVERED,NOT_COVERED
4f40c65d612e9aac2daa39624bb8f1a3,NOT_COVERED,NOT_COVERED
4f4c0a5be8bc3735d01570aa142c723a,NOT_COVERED,NOT_COVERED
4fa5610de09d9159b4fabb610b636700,NOT_COVERED,NOT_COVERED
4fbddb4f9fb0c604f71786d89aba8230,NOT_COVERED,EMPTY
4fc3d03f83bc4fd52741cb959566c828,NOT_COVERED,NOT_COVERED
50057c67f28db1053add6c3266689bbd,PARTLY_COVERED,FULLY_COVERED
51f291f793d612ec277edbaa0dd488b0,PARTLY_COVERED,FULLY_COVERED
520b701f2414f898647b94df3bb4b152,NOT_COVERED,NOT_COVERED
52692bfe3f6903ba9be23a0b6c7e1b5b,NOT_COVERED,NOT_COVERED
526bd11a20e8ae2f90ae2def40bbf5e0,NOT_COVERED,NOT_COVERED
52ab4be04e01b37eca738cb0a324e1fa,FULLY_COVERED,FULLY_COVERED
52d4d93f71f961adc861f1419ee74917,NOT_COVERED,EMPTY
535f4a44d14c9c59dbe9b3422959e369,NOT_COVERED,EMPTY
542fc0f5ec594cd8e739d629864de884,NOT_COVERED,NOT_COVERED
548e78d5406587c8012f5fc6ce25888e,NOT_COVERED,NOT_COVERED
553ab2f14c855f984ca6a94c28218b23,NOT_COVERED,NOT_COVERED
555f9e415572b77bd200b0fb9fc56770,NOT_COVERED,EMPTY
55abc940e288927cca889440fa295419,NOT_COVERED,NOT_COVERED
55e0a81d036b6d2c528463e82a962758,PARTLY_COVERED,PARTLY_COVERED
55eab9e19b6013db4ba2406d6354798a,NOT_COVERED,NOT_COVERED
5653e70541510f09534b5b1522790db3,FULLY_COVERED,FULLY_COVERED
56b9d13a87cda21cd45c283c410295b7,NOT_COVERED,NOT_COVERED
573dae388a02198041d93e0511ac28ed,NOT_COVERED,NOT_COVERED
57cd5816fef9d370ec7241790cddd0be,PARTLY_COVERED,FULLY_COVERED
58da6a7692f1d8fa70218e866ccf831a,NOT_COVERED,NOT_COVERED
58efc6764b722930491031fa243f900b,NOT_COVERED,NOT_COVERED
59d49e66293da3eae22e5a40883869ac,NOT_COVERED,NOT_COVERED
5a4f9d6abf5352b1bab173404dc80f52,NOT_COVERED,NOT_COVERED
5b788f9d3b6e2dc8ab7469a38b696e91,NOT_COVERED,NOT_COVERED
5c2c018f4e01470ed4a7bc7ed23e2fde,PARTLY_COVERED,NOT_COVERED
5ccb410748ebd6c95b8e06d7f4120fee,NOT_COVERED,NOT_COVERED
5d054243bcd8a7e7522d5cd2faea02e1,NOT_COVERED,NOT_COVERED
5d870945d06cd0edbbe0bbb9da3689d1,NOT_COVERED,NOT_COVERED
5d896f3fc0efcad714a9de38399ce74e,NOT_COVERED,EMPTY
5dabf743af95681cbcb5caed1188c00f,NOT_COVERED,NOT_COVERED
5e363cca948731aeab4b2598a2b1f98d,NOT_COVERED,NOT_COVERED
5e67703beae9cc0672a0ad317661c9c8,NOT_COVERED,NOT_COVERED
5e78e94c94bec4fb67f38f4a85ecd416,NOT_COVERED,NOT_COVERED
5f026a525ee5c7d747d064b973d09c2f,NOT_COVERED,NOT_COVERED
5f04a0fea78d5feaa1932217f76c6ff3,NOT_COVERED,NOT_COVERED
5f48f3e6f3b6400c9a06a81686521377,NOT_COVERED,EMPTY
5fb7230233e519677aed548fb850b857,NOT_COVERED,NOT_COVERED
60663d0afa35eb44e4c7012b88aca5ed,FULLY_COVERED,FULLY_COVERED
60b825e405f7873404fd69e810bb0d62,NOT_COVERED,NOT_COVERED
60c176e380593a0545f8ddb302328825,NOT_COVERED,NOT_COVERED
60d13c9b56cd030024cb4a2ab853e43b,NOT_COVERED,EMPTY
60f3c9399cc71718a89383d2cbe5cc86,NOT_COVERED,NOT_COVERED
6279ff5517eeb203e1bd59f9ed50075a,NOT_COVERED,NOT_COVERED
62fa22f86d1b106509751f9e0ac2a1c9,NOT_COVERED,NOT_COVERED
636bc3eaa91fc346e6f00049613e147e,NOT_COVERED,EMPTY
640f5d55b8765baf0a9acc410e5f6e76,NOT_COVERED,NOT_COVERED
6456fbd770bce560ba24db01a373e6b1,NOT_COVERED,NOT_COVERED
647af8ff4d039491bc4b91092b54b05c,NOT_COVERED,NOT_COVERED
64c316d734b941fdcaadda3df18c9c13,NOT_COVERED,EMPTY
64cd0889a23a666011c4d2458e23da2d,NOT_COVERED,NOT_COVERED
6622a05407ff195fbb17384797494044,NOT_COVERED,NOT_COVERED
665fc2a87413acfdfeae5f94961742c9,FULLY_COVERED,FULLY_COVERED
66bcc0126fe11767bc21fe3c9c0eedeb,NOT_COVERED,NOT_COVERED
66c800243572b9f67b8a3d98f780962f,NOT_COVERED,NOT_COVERED
68387cb70b0fa21dd48f008db92fde24,NOT_COVERED,NOT_COVERED
69100a8d402bc963f2bf294011668fcc,NOT_COVERED,NOT_COVERED
69cd7ce5b4ae59a91f101d1951179344,NOT_COVERED,NOT_COVERED
69da4254b3759c578beb3d7b4c2fefc9,NOT_COVERED,NOT_COVERED
6a2b4b0c83b58a62ca9183ba99d87e5f,NOT_COVERED,NOT_COVERED
6a328d593e07bbd778d0f8cfe859252c,PARTLY_COVERED,PARTLY_COVERED
6b61d8bfa4390ac9299325a6ee57ad54,NOT_COVERED,EMPTY
6b743402354d6b819e09eb6b9ca447f7,NOT_COVERED,EMPTY
6b97e5d392c428e48a87d310b3565077,NOT_COVERED,EMPTY
6b9d5d06050aa7cdfa351b778377740a,PARTLY_COVERED,FULLY_COVERED
6c7576e46cf0eec6999ea3f4062001c1,NOT_COVERED,NOT_COVERED
6d00c91a7dc2141d7f2f081659010749,NOT_COVERED,NOT_COVERED
6d2aa5650b799f6f9bfa42d2d1cf3ddb,PARTLY_COVERED,FULLY_COVERED
6d47754977afceb1fb54315d9e71c0fa,NOT_COVERED,NOT_COVERED
6d99a6f7d0dd7f4c13e0c12904e7d19a,NOT_COVERED,NOT_COVERED
6e216d312e5894f51cb33904d27293e4,NOT_COVERED,EMPTY
6e8382e3346062c193790672ef756944,NOT_COVERED,NOT_COVERED
6ec3dc53e1519abe8ce6010678f03a0d,NOT_COVERED,EMPTY
6ecc75efb4327b973b215fb12131c005,NOT_COVERED,NOT_COVERED
6f1b54072d3b59d19f3521601bff0715,PARTLY_COVERED,NOT_COVERED
6f61b776be227c8d75460852e28aeae2,NOT_COVERED,EMPTY
6f81a6abd8fcd6009cb2a9a555ad6271,NOT_COVERED,EMPTY
6fab5e9344cf792da869162afb1a61ff,NOT_COVERED,EMPTY
700347c0f06b28aa466f6783019d9b90,NOT_COVERED,EMPTY
70706f49f1155d60cce4953cd3ddf580,NOT_COVERED,NOT_COVERED
70fa3cd09eb0e13d922bd09faba45921,NOT_COVERED,NOT_COVERED
7105ee47b0cdd36c6ed373240e36ab4a,NOT_COVERED,NOT_COVERED
713da12eb7e1274ecc66451a550f00ab,NOT_COVERED,EMPTY
71dde4af81e3853f2fe3c4a1722aa6ba,NOT_COVERED,NOT_COVERED
71ee5b2e9ab48abc88834f7ede8da1e8,NOT_COVERED,NOT_COVERED
741d8ed370dda134caae48339c2b28c2,NOT_COVERED,EMPTY
74d22b1ea60ab3bb988c6a5c6c38ad7d,NOT_COVERED,NOT_COVERED
74f849e17ed659f39cfcdd110cc910e9,NOT_COVERED,NOT_COVERED
76236729562e48c800b3297cc16c6df0,NOT_COVERED,NOT_COVERED
76ab52def766b02a1c91fab886da0f48,PARTLY_COVERED,PARTLY_COVERED
76d117a051dbd4f287fc1704d472474b,NOT_COVERED,EMPTY
76fb320c4d7986b86c429406abee35b7,NOT_COVERED,NOT_COVERED
770cbc8afcbfc3a4157fe9719adb9ac3,NOT_COVERED,NOT_COVERED
779cf4653f9cae1966c001023d69d10e,NOT_COVERED,NOT_COVERED
77b6adcbf20bcb36b1fb14d4dda2c078,PARTLY_COVERED,FULLY_COVERED
77cca952091fa20c4c518d9b7082d862,NOT_COVERED,NOT_COVERED
77da9afec295e0df278820f19aa6627d,NOT_COVERED,NOT_COVERED
790a79848d233c813abbe78241527822,NOT_COVERED,NOT_COVERED
79e9e5095ed30ae8c532475a4587b731,NOT_COVERED,NOT_COVERED
79fc4e4638b67e7c82358137dfc5d384,NOT_COVERED,NOT_COVERED
7ade457bc25f0403b2efab6ce2eeb67f,NOT_COVERED,NOT_COVERED
7c624d98e65d91c494195dbd84a3ecef,NOT_COVERED,NOT_COVERED
7caeb0005e66adf36357220f39200629,NOT_COVERED,NOT_COVERED
7d59d95fbed31e211c7645f96a84abce,NOT_COVERED,EMPTY
7d61b63d81b9e242c24606e3927cae06,NOT_COVERED,NOT_COVERED
7ddf878e61a7472f39bb2cec5ffccc73,NOT_COVERED,NOT_COVERED
7e0962d01665082703dc1b11e2bf2e29,NOT_COVERED,NOT_COVERED
7eca1b05e6a9304990ea952ecfd8cd19,NOT_COVERED,NOT_COVERED
7f69400a5e11d48f9b484c0e226eecdb,NOT_COVERED,NOT_COVERED
7fb797de60ce9c1742c217ffdccd2493,NOT_COVERED,NOT_COVERED
7fed89b2cd79587e92288c3b98d03a21,PARTLY_COVERED,NOT_COVERED
8014295a6c8fbe8e8b6121fca3a7f44e,NOT_COVERED,NOT_COVERED
81614e7d4711cd3998e4fe2b8e4f508e,NOT_COVERED,NOT_COVERED
823b6a05224bca53533e5beab5b9f7f4,NOT_COVERED,NOT_COVERED
83628dd30d113a68974d1b14388f9166,NOT_COVERED,NOT_COVERED
845587ee9308f8baa408ef15b5385fc8,NOT_COVERED,NOT_COVERED
848a26c69176d0c61e1697d9f81c9994,NOT_COVERED,NOT_COVERED
84b290c1182c47d658c5715bbb223ff3,NOT_COVERED,EMPTY
85ec2d19512c4559bee84fbaef8f8157,NOT_COVERED,NOT_COVERED
86174154d907d33a2f59e2479f3142a8,NOT_COVERED,NOT_COVERED
86a178e070b2a7dc93d6d398ab36eaf3,NOT_COVERED,NOT_COVERED
87e83ec3d94e315760462fc5952c8599,NOT_COVERED,NOT_COVERED
886fab6d67a0e22fa55b7ce3c3c9c039,NOT_COVERED,NOT_COVERED
88c2c3e88550347b4b9748ffd67ff0a4,NOT_COVERED,NOT_COVERED
89039f0fb65e2c90bb9edb18d1491cf2,NOT_COVERED,NOT_COVERED
897e976ec996689e0452027961d3620f,FULLY_COVERED,FULLY_COVERED
898f5f30c8ea010a6ec2ba45356afe18,FULLY_COVERED,EMPTY
89e1cf77dc91e000264027d411425b5d,NOT_COVERED,EMPTY
8a087b738a51ace941a55b7ab5c207a0,NOT_COVERED,NOT_COVERED
8b42ca7686f64da30ab3d29914051c6c,NOT_COVERED,NOT_COVERED
8d2db6dafc58c608c20f2d49d80760f1,NOT_COVERED,NOT_COVERED
8d70d39ae5b222497569622b3836ec35,NOT_COVERED,NOT_COVERED
8e347b22c29ce6c9d818d9c9966c40de,NOT_COVERED,NOT_COVERED
8ec199905df1d350c7a5fc4bba1fd9ac,NOT_COVERED,NOT_COVERED
8edcc9e755796429e09eb2d64a6eb5f1,NOT_COVERED,EMPTY
8f58cf379dcf13c22bfcc6a621d3fad0,NOT_COVERED,NOT_COVERED
8f9adc17368c05a992415b234bca189d,NOT_COVERED,NOT_COVERED
8f9d52ad3b31b41b0469546e85a5e2b9,NOT_COVERED,NOT_COVERED
8fea292a3f44ddb3349919128e55905f,NOT_COVERED,NOT_COVERED
9081e4a5969c3a41344058e099da4dcc,NOT_COVERED,NOT_COVERED
916eb3f7431c3d8faae62552a6b38368,PARTLY_COVERED,PARTLY_COVERED
923189202ffe5f9a183e99dc34fba61c,PARTLY_COVERED,PARTLY_COVERED
92b05775f7291b2c495064b11dfb675e,NOT_COVERED,NOT_COVERED
92bfb9bfc705ea825de15a1f0e3aef90,NOT_COVERED,EMPTY
93381b439cead36ee61d9259c4e3024c,PARTLY_COVERED,FULLY_COVERED
93482204c3c504dc462f4d604702c0ec,FULLY_COVERED,EMPTY
93f8209598ce246ac33ec5e2e68c75ad,PARTLY_COVERED,FULLY_COVERED
94632be47f575707a3a8688cb90cb129,NOT_COVERED,NOT_COVERED
946a180c4c6a2af211cb6bcc52d200e2,NOT_COVERED,EMPTY
9481a985986c95a795b8b205123bbdde,NOT_COVERED,EMPTY
94972200a183bd7eed24b1cd837ba063,NOT_COVERED,EMPTY
94aa23f7617df98243da0d4d7b93d55d,NOT_COVERED,NOT_COVERED
94f6da170381280f3c2341f6b7d022fe,NOT_COVERED,NOT_COVERED
9538f5853a1c9a2ba7f14078002d4389,NOT_COVERED,NOT_COVERED
963e12572a08fb5c3bcd86a6fd1e58ad,NOT_COVERED,NOT_COVERED
9652fd947a144b7ce14e7f89f2d7e407,NOT_COVERED,NOT_COVERED
96701b083d6541af07dd558da5576eca,NOT_COVERED,NOT_COVERED
9740a59ef84e7e998d241db8bf274334,NOT_COVERED,EMPTY
9784f68bdc1de2f52204fde67e3d1d82,NOT_COVERED,NOT_COVERED
97a1690bc870a90793616b538e2ba60a,NOT_COVERED,NOT_COVERED
97bd4fb97376a841d78374eebf179b75,NOT_COVERED,NOT_COVERED
98c639a3c54ef1c970eba307acf72d22,NOT_COVERED,NOT_COVERED
99047f6691857918adc981e111a4ca36,NOT_COVERED,NOT_COVERED
9964bfeb7c2d37c440ae1ea525e3bc49,NOT_COVERED,NOT_COVERED
9a39c37fe6443047c02876b32ec119ef,PARTLY_COVERED,NOT_COVERED
9a63366d0729b64b0856d46250396fee,NOT_COVERED,EMPTY
9a917be5fde789b70fecab2a9b6c3185,NOT_COVERED,NOT_COVERED
9add813472d05ffef3d966b30fb00ba9,NOT_COVERED,NOT_COVERED
9b7532084bcaa003558bea3bba1d3ed4,NOT_COVERED,EMPTY
9b93797d04e28d957620422f9ef5f2bc,NOT_COVERED,EMPTY
9bd0ccf156e4525591cf272eba866cdc,NOT_COVERED,EMPTY
9c492d4b434775140f16f9612c981f57,NOT_COVERED,NOT_COVERED
9c5befc0f35665d63a75ad890f73b4b6,NOT_COVERED,NOT_COVERED
9cc919bf0928f96a8c50597a6ed3c20c,NOT_COVERED,EMPTY
9ce29cf082e60a64aab67fc30effec08,NOT_COVERED,EMPTY
9e86f5fd8ffe196783a11d119e9609c3,NOT_COVERED,EMPTY
9ec1897adf119a4e4dbd71d529dd18e9,NOT_COVERED,NOT_COVERED
9edfd90ab8788256d82a6b451d7b087f,NOT_COVERED,NOT_COVERED
9f98457e2ae91f49716d24ffaeef2a85,NOT_COVERED,EMPTY
9fda60f7cff879237408edae23a8c2f6,NOT_COVERED,NOT_COVERED
9fe27efdfa6ad4512ac21ce0b64109f6,NOT_COVERED,NOT_COVERED
a0052786e1e87e64bc37cfecfbdf29ed,NOT_COVERED,NOT_COVERED
a0241b7186270ce5e82b6c979d3e39f5,NOT_COVERED,NOT_COVERED
a06e0966a8ffcc53f6ba58700f81bb14,NOT_COVERED,NOT_COVERED
a0ad61d73ba8892dc016b4ca0f3390ec,NOT_COVERED,NOT_COVERED
a1524613996d5587b2b61c903dbe654e,NOT_COVERED,NOT_COVERED
a1a7413c8e1e2d8395d95b4081401c6e,NOT_COVERED,EMPTY
a20ed229c5980501c5d2f31eb4d54b19,NOT_COVERED,NOT_COVERED
a2112bf6ff9a22250ac2af318ce300a8,NOT_COVERED,NOT_COVERED
a26cb70aa512431e591f1a4520aa195a,NOT_COVERED,NOT_COVERED
a29d013500fa4ed4229e7eae4e884d39,NOT_COVERED,NOT_COVERED
a33133c44947b075cb4921787898ff04,NOT_COVERED,NOT_COVERED
a34f1fb25747b0000a5b6c6c5ab33c15,NOT_COVERED,NOT_COVERED
a386a2b9e3eecbaacb849286f39b8150,NOT_COVERED,NOT_COVERED
a3bd42fe367580224605cf688c99d5d3,NOT_COVERED,NOT_COVERED
a3e11b5803f2090ce90c3919f73cccdf,PARTLY_COVERED,EMPTY
a431f3cc40540b00988e9c0df0ba3e5a,NOT_COVERED,NOT_COVERED
a46070647825b72fb8806da4010e54f6,NOT_COVERED,EMPTY
a47ed7bee7246de691dbeea630e9af92,NOT_COVERED,EMPTY
a48e568b085871cd54df528b5f74a6d7,NOT_COVERED,NOT_COVERED
a4ac6d99e732b8a00d3e4800847f7b12,NOT_COVERED,EMPTY
a5536bd143d8ef836967cb78888159df,NOT_COVERED,NOT_COVERED
a57563a61555bc6aebf69011259c77dd,NOT_COVERED,NOT_COVERED
a6cfdec20f29bb535dd4f15fd6080fd4,NOT_COVERED,NOT_COVERED
a7696aa8f91a884269e954cdbeffeebc,NOT_COVERED,NOT_COVERED
a7cc400a3c6cc1134aa1a62a4a4a0338,NOT_COVERED,NOT_COVERED
a7dcd24bfb29352e79d42b3e5a4710b1,NOT_COVERED,NOT_COVERED
a7ecae71292879a781d02fd9b08934fe,NOT_COVERED,NOT_COVERED
a805c34caf8108cba8deb0be027c4fe5,NOT_COVERED,EMPTY
a8e064b2860e0b7dc42f9b0abba85cd1,NOT_COVERED,NOT_COVERED
a98315fff0d9a0fd0902634cd79bc983,NOT_COVERED,NOT_COVERED
a9977670645ea068d61c69013e23c176,NOT_COVERED,EMPTY
aab3c3fe9ffc60120b25bf493e6c6f3c,NOT_COVERED,NOT_COVERED
aab9bb193990ac670590a3650bff875a,NOT_COVERED,NOT_COVERED
aabffe50e97c15a20fa8572db4e4fe38,NOT_COVERED,NOT_COVERED
aad199f4ea0e4f1f0f18e6903a3341b7,NOT_COVERED,NOT_COVERED
ab5ed287d2f79c94272b79b3cbdfac1c,NOT_COVERED,NOT_COVERED
abe2cdd7abce1ac17824db0eb422a250,NOT_COVERED,NOT_COVERED
ac53630ff3adcbd5c89047dbc251d935,NOT_COVERED,EMPTY
ac8420736797e07389d0bdc839f9eb7a,NOT_COVERED,NOT_COVERED
ac99a854f6503b78da170fd2a459313a,NOT_COVERED,NOT_COVERED
ad437ad6a9ebf8bda966d837e45f8ff8,NOT_COVERED,NOT_COVERED
ad462ed0d40495e77a8ccd65294ed2ed,NOT_COVERED,EMPTY
ade20a43dfe828f117c29b15339f86f8,NOT_COVERED,EMPTY
ae327ca57eea2dbbc12df6b856e99f95,NOT_COVERED,EMPTY
ae79ab6081baffea9af9e2306ea29c3f,NOT_COVERED,NOT_COVERED
afaab5f1bf7af29858f9dfde27cae402,NOT_COVERED,EMPTY
afc76d84e0b1c36fe57e2361f1e605cb,FULLY_COVERED,FULLY_COVERED
afe576cf15cd293e5c82fac74728fba8,FULLY_COVERED,FULLY_COVERED
b11afee061beaa5fbb03957d3b1d2302,NOT_COVERED,NOT_COVERED
b22c34fed5c935b40b7ac8f6125e0fc9,NOT_COVERED,EMPTY
b24de4e9ae5d7a754157df7d356469b7,NOT_COVERED,EMPTY
b318d59bded74528021a72ce5c421880,NOT_COVERED,NOT_COVERED
b36439179da087b63703f574957c3d09,NOT_COVERED,NOT_COVERED
b49b3b8a86e152aebe31d4d876f2e04c,NOT_COVERED,NOT_COVERED
b5ee3b7ba29a6f4b300b6358d8c0aae9,NOT_COVERED,NOT_COVERED
b7366a2c90a9fdf84876dde39bb3fad5,NOT_COVERED,NOT_COVERED
b7f0c4b15d2fb40f14ed1b5240d4eb3e,NOT_COVERED,NOT_COVERED
b845a0e2299e5d52dc0b4b4608b1be74,FULLY_COVERED,FULLY_COVERED
b84cf64e6c5484467f9fb3287323d892,NOT_COVERED,NOT_COVERED
b895c39c3248f56fe4e6eb6c9cd7dc51,NOT_COVERED,NOT_COVERED
b9a1f2668778f0b1aef179a11440fe7b,NOT_COVERED,NOT_COVERED
badfd397e8db813af55b75cdbf8779ee,NOT_COVERED,NOT_COVERED
bbad7b4a188380319801ce73f49c7ccb,NOT_COVERED,NOT_COVERED
bc55d03af3d80bf5fc39ae5122d11c3a,NOT_COVERED,NOT_COVERED
bdd84dc2bc5cce52071e3a42c588dcb5,NOT_COVERED,NOT_COVERED
beac5314c65c47d019baaf603faee534,NOT_COVERED,NOT_COVERED
bebb97242ae55946296b0c42f9e9ee75,NOT_COVERED,EMPTY
befd08bca5443a49361b4b3c04d73200,NOT_COVERED,EMPTY
bf9855129a1deda37622eaefa2ea2f6d,NOT_COVERED,NOT_COVERED
bfbe39a2657433740a15c195509088f1,NOT_COVERED,EMPTY
bfd31b78410b62771b04845c3aee0cfe,NOT_COVERED,NOT_COVERED
c09cbee40be8a7745f5946b0a2d2c628,NOT_COVERED,EMPTY
c0d7351244f9a7f0f04819c7c313d827,NOT_COVERED,NOT_COVERED
c19c1aad7b3d68061bcae29f4cdeac57,NOT_COVERED,NOT_COVERED
c2312da8ab83742be2e3050e08f91a40,NOT_COVERED,NOT_COVERED
c25cee95a4370ae636a2713313c7e1d8,NOT_COVERED,NOT_COVERED
c2ca8a4724a57f4fccfafce8e9ad4c2d,NOT_COVERED,NOT_COVERED
c2d332fd76e89fa2e89a38694bf44f9e,NOT_COVERED,NOT_COVERED
c2daa9386ac1191d758c4218cb150d2a,NOT_COVERED,NOT_COVERED
c352e0c89c1ea73562c1c8dd31668daa,NOT_COVERED,EMPTY
c3870df8efef7a2633edb5176291794b,NOT_COVERED,EMPTY
c3ac800656d4cafda7b80f312cf6a33a,NOT_COVERED,NOT_COVERED
c477c15b3584b1831600d1a9d3ef29d6,NOT_COVERED,EMPTY
c49d2fbf75e74c1b7f3f2d385a9bf1d7,NOT_COVERED,NOT_COVERED
c6053593760b40e2b758b69f928368a1,NOT_COVERED,NOT_COVERED
c612cc11e94f2331b63c9bf041c60c3a,PARTLY_COVERED,PARTLY_COVERED
c62e111ea3f52a0f2b6def6ece986e18,NOT_COVERED,NOT_COVERED
c6c0d0b1a250eec29bc62079c60aedd9,NOT_COVERED,NOT_COVERED
c7628c1bb334357a3f49dae8dd998a84,NOT_COVERED,NOT_COVERED
c83e8b54de7789c1cd77c22563591fdd,NOT_COVERED,NOT_COVERED
c888b3e6797ac6a313ff75409fd988c7,NOT_COVERED,EMPTY
c944b87de9ba2be19df587381303862d,NOT_COVERED,EMPTY
c965d8e77b5a7034e267d85420a9dfb1,NOT_COVERED,NOT_COVERED
c9d9236e379a5b91823613df9dab340c,NOT_COVERED,NOT_COVERED
ca026c35bf36c7abd7ec1584b6537a17,NOT_COVERED,NOT_COVERED
cb080f523b7b7e4fcaa26037935e8970,NOT_COVERED,EMPTY
cb5e401fd7b730b4360b87d53fa70f26,NOT_COVERED,NOT_COVERED
cb6a3b432ec1f18926194238b1045935,NOT_COVERED,EMPTY
cbc2e5fd80ad34fb7ee6203f25186d17,NOT_COVERED,NOT_COVERED
cca78858ecf14372971e50b51f12d167,NOT_COVERED,NOT_COVERED
cda48f5bb64469e51ac5637906a0992f,NOT_COVERED,NOT_COVERED
cde45ba64d37a8f5a9e2047196967957,NOT_COVERED,EMPTY
ce1d051b9a3ad38b778d41633de01434,NOT_COVERED,EMPTY
cecf87c40f9abdd131c9898ba8dc44b9,NOT_COVERED,EMPTY
cf6839bd2bead9b62d2ceaa1bb010a4a,PARTLY_COVERED,PARTLY_COVERED
cffef3950030ca19b208aa24fa15710f,NOT_COVERED,NOT_COVERED
d004470730ca2947f2a8be1193ac9bcf,NOT_COVERED,NOT_COVERED
d0cbcb1e9b202e410f2fbb90fa95cfd1,NOT_COVERED,NOT_COVERED
d19037fbdd0d4cd6835a8b558ab7205c,NOT_COVERED,NOT_COVERED
d1d210770a597ce3f6af70b634848287,NOT_COVERED,EMPTY
d1e543efcf4edf8c943319089eb8217f,NOT_COVERED,EMPTY
d20fbc2569b0c447ff2512a8e671a8f8,NOT_COVERED,NOT_COVERED
d3ed7bebe789b6a698e9cfb514481e2e,NOT_COVERED,NOT_COVERED
d47df5a0909c731a44e58a873b8be94f,NOT_COVERED,NOT_COVERED
d4bfc5555f6c786dacd168c0856f85d0,NOT_COVERED,NOT_COVERED
d4e7f464462860072fc150196f74562f,NOT_COVERED,NOT_COVERED
d50b15c1e8b85fc0377e9d41d784d71f,NOT_COVERED,NOT_COVERED
d5c7991e05c563b18ac3b5cddb51afb5,NOT_COVERED,NOT_COVERED
d612369790b91c4fcacb99dfd2b55c66,NOT_COVERED,NOT_COVERED
d73ef0e7f271ab4aeb69bff69aa83c70,NOT_COVERED,NOT_COVERED
d8120ba09f9f4759a654af163e505570,NOT_COVERED,NOT_COVERED
d81a9c56016d16b83630f2336cab1c16,NOT_COVERED,NOT_COVERED
d86f1033908b104bb5511dc3d4af163b,NOT_COVERED,EMPTY
d8aedbb5a98e977d7872b39533af9063,NOT_COVERED,NOT_COVERED
d8e840136f0aa71d2bff6d7411f68c34,NOT_COVERED,NOT_COVERED
d90f001a0a177f2a396253c725fcc951,NOT_COVERED,NOT_COVERED
d916d710f0a887e9feb88df223701977,NOT_COVERED,EMPTY
d97a5d3737d58aa10c4a147e973c611c,NOT_COVERED,EMPTY
da20d380d61e2a3e7234502676c2d738,NOT_COVERED,EMPTY
dacbfd2a252112552df283b4c8d0db92,NOT_COVERED,NOT_COVERED
db4678a0aef9a567135a4c24672b756c,NOT_COVERED,EMPTY
db52862396814aed41ffba216f1552ce,NOT_COVERED,NOT_COVERED
dbabf9dd1185c06ba195c50984288ca9,NOT_COVERED,NOT_COVERED
dc1ed5306654375e68cceb8dd1dd34cd,NOT_COVERED,EMPTY
dc70fec405eff5396504c12621ae745a,NOT_COVERED,NOT_COVERED
dc73e7407ee6c23c62971152da71ff52,NOT_COVERED,NOT_COVERED
dc81e0d85e76ff1890b50dd3106c7cf9,NOT_COVERED,NOT_COVERED
dd7a3cc446c49300c5795d6166660a1f,NOT_COVERED,NOT_COVERED
dd88bace9c02edcfba01560639450ab1,PARTLY_COVERED,FULLY_COVERED
de3cb0599bb621016bb34451d0ddd76e,NOT_COVERED,NOT_COVERED
df24f29105b458f5027f22d4168ebb1a,FULLY_COVERED,FULLY_COVERED
df510b63e3f20aa1eb2a39d229344889,NOT_COVERED,NOT_COVERED
dfa4f4751fb79cc3a4265ad1706dc239,NOT_COVERED,NOT_COVERED
dfeccda07d58b0ff2f2371a485c99d4e,FULLY_COVERED,FULLY_COVERED
dff673d4cb5e2fc541d50dcbb1995c10,NOT_COVERED,EMPTY
dffa7602c1499e8347aa4aaeae091e49,NOT_COVERED,EMPTY
e07bad6a60cb824ec0f211bcdaa707ba,NOT_COVERED,NOT_COVERED
e0a84a1510d998e57ca0bdccf97b062f,NOT_COVERED,EMPTY
e1a27d2c3fcd28aa96690ae6f5561c01,NOT_COVERED,EMPTY
e1cd2d63b35ec169c00c5345bd4c62ad,NOT_COVERED,NOT_COVERED
e1f624e54abac5922f05edc7f53e7d42,NOT_COVERED,NOT_COVERED
e26535d37932ed66a67349e0659960bb,NOT_COVERED,NOT_COVERED
e282be2a17db612b911f83cfc6c8d5d5,NOT_COVERED,NOT_COVERED
e3462f742e3d72d4c3f5535aae548ddf,NOT_COVERED,NOT_COVERED
e4078e72ac8f0bcd38c694a7be739e8a,NOT_COVERED,EMPTY
e4a53d10796185aeba141622e6cf9fff,NOT_COVERED,NOT_COVERED
e4accd352e8b94657ea58e1c108cf21b,NOT_COVERED,NOT_COVERED
e4ae978176f511fd5d9ba393df350ca8,NOT_COVERED,NOT_COVERED
e56ad33e36ce0a4b867762f61bc97a81,NOT_COVERED,NOT_COVERED
e5739d4c738d0b748dfc26c45c956a4a,NOT_COVERED,NOT_COVERED
e5d34f1c2ed195e43c1ebae647eb6400,NOT_COVERED,NOT_COVERED
e63c4012b22e791c3f90fe28deeb6297,NOT_COVERED,NOT_COVERED
e66caab789df6daa0b55f9ae73c40554,NOT_COVERED,NOT_COVERED
e7264699f16b8a1be05143c9242fe624,NOT_COVERED,EMPTY
e76191b8512d24228adc96212eb02dc3,NOT_COVERED,NOT_COVERED
e8172dab1a72a1fb2616e6b7955e530f,NOT_COVERED,NOT_COVERED
e8b3d287d7e3d0c396f91dadee0b7ad7,NOT_COVERED,NOT_COVERED
e8bc18cc89478a32cfdc6dc79072d3c2,NOT_COVERED,NOT_COVERED
e8e9f905f5dc0c9a60c12b64a9fd6bee,NOT_COVERED,NOT_COVERED
e92e3c1beba8709e7472d23186dbecb4,NOT_COVERED,NOT_COVERED
e9415ffc01e8a3f010f0a9767b9263ff,NOT_COVERED,NOT_COVERED
e94408f65920a8b47ccb5db132488a22,NOT_COVERED,NOT_COVERED
e95ed364c8868297dadaf5f56a6f591b,NOT_COVERED,NOT_COVERED
eaa62aad0672421e2d64d7b63441cdb4,NOT_COVERED,NOT_COVERED
eab753e7b7107cbf286f3e9d809b8eec,NOT_COVERED,NOT_COVERED
eb2338493c6e7d26303e956cce413de1,PARTLY_COVERED,FULLY_COVERED
ec721f02f7108c793dfb80b93a79c66f,NOT_COVERED,NOT_COVERED
ecbf624d66c9a9e6cb9fd24fbabfbfcf,NOT_COVERED,EMPTY
ed18964a6a0c14d24462e0772bfc63e3,NOT_COVERED,NOT_COVERED
ed4cc0ae144d62849ec962431539d1c8,NOT_COVERED,NOT_COVERED
ee0f8c3ba2e9e8c3726d4ac4a87f5274,NOT_COVERED,NOT_COVERED
ee317d52fabd8a07bd9aeb341e06757f,NOT_COVERED,EMPTY
ee9bbd958851b17240480d6e69d6cdad,NOT_COVERED,NOT_COVERED
ef245e479b7bcc3aada93216fbdcfb86,NOT_COVERED,NOT_COVERED
ef63cf26e2d980b5ccc9aadb72d07ca0,NOT_COVERED,NOT_COVERED
f0201de23adcf39d8c3ef4021d160495,NOT_COVERED,NOT_COVERED
f06fcc6e9d61d6ec143edb033fa20d2d,NOT_COVERED,NOT_COVERED
f0c1934b238e55b08d71be50834d3283,NOT_COVERED,NOT_COVERED
f17f47f93e56bbab28bf7ba949419d89,NOT_COVERED,NOT_COVERED
f1b83e25160845a6a3b22d832b5da122,NOT_COVERED,EMPTY
f1f8adf84bee093c2f5cc31434821886,NOT_COVERED,NOT_COVERED
f207453978a17f97c848cce41be164ab,NOT_COVERED,NOT_COVERED
f2e2cf7e7e837c3db2268a29bfaa83e0,NOT_COVERED,NOT_COVERED
f408b781c39707d4aea6ad6ab9d98d33,NOT_COVERED,EMPTY
f4636999e26787bba3960013115d59d3,NOT_COVERED,NOT_COVERED
f5437b61bcedcac0c814b904485413f1,NOT_COVERED,NOT_COVERED
f54ec225a6a57665858e3036163723ff,NOT_COVERED,NOT_COVERED
f5e1fbe529673ea8a1dc9763ecfc11b8,NOT_COVERED,NOT_COVERED
f6474b985e6aff84263cf055a12f6ce0,NOT_COVERED,EMPTY
f6c41d52caa7a68add7a2ccf5d7e0364,NOT_COVERED,NOT_COVERED
f6e0df6bc19d5f0834d3ef9275b892f6,NOT_COVERED,EMPTY
f77fca980e27487f368dd37580c7229b,NOT_COVERED,EMPTY
f7c231464cd4fb406269bc9b35e965a6,NOT_COVERED,EMPTY
f85a4fdf1e95c19f8c85ffb60681890b,NOT_COVERED,NOT_COVERED
f8d51d79becbb4d2d0cbf47d8279dbe1,NOT_COVERED,EMPTY
f8eeba440fb0eb4a97b55bf787a30ac5,NOT_COVERED,NOT_COVERED
f9da818c89e1dd2e207984d3c68fd55e,NOT_COVERED,NOT_COVERED
fa083053e7833e1c5351f0c755e9b219,FULLY_COVERED,FULLY_COVERED
fa985c7a14cf508149d36edcaf2181d1,NOT_COVERED,EMPTY
fb9665da0f631eec1f7aeed9f74deb8b,NOT_COVERED,EMPTY
fc278822d56e8ff1168eac6f1b9b2d4b,NOT_COVERED,NOT_COVERED
fccd6360a2efa9e7cf956e30fd37b6e9,NOT_COVERED,NOT_COVERED
fd318caabcc4136b3672e767caf640f7,NOT_COVERED,NOT_COVERED
fd3bf2b1e0178d33993b78461bc8b3f1,NOT_COVERED,NOT_COVERED
fdc8c2d5859d45f411fe10ac620b831d,NOT_COVERED,NOT_COVERED
fe1020f1fc05fcb75b4f4158e9acdc15,NOT_COVERED,EMPTY
fe57c9f2aed1f317328be775e4051ac4,NOT_COVERED,EMPTY
feb429e5fc7ad5654c0ef23c8a6f84c1,NOT_COVERED,NOT_COVERED
ff22df5970f99fd68d0feea508fd8a5d,NOT_COVERED,NOT_COVERED
ff754d9e4734f64d56bc22b34094a249,NOT_COVERED,NOT_COVERED
